﻿Designator,Footprint,Quantity,Value,LCSC Part #
C1,0402,1,0.1u,
C10,0201,1,10n,
C200,0603,1,4u7,C19666
"C201, C202, C203, C204, C205, C400",0402,6,100n,C1525
C206,0402,1,1u,C52923
C207,0402,1,10n,C15195
"C208, C209",0603,2,2u2,C23630
"C210, C211",0402,2,12p,C1547
C29,0603,1,100n,
C3,0603,1,1u,
C31,0603,1,4n7,
"C4, C7",0603,2,2u2,
"D3, D4, D5",0402,3,LED,
FB200,0805,1,600 @ 600 MHz,C1017
J1,PinHeader_1x04_P1.00mm_Vertical_SMD_Pin1Right,1,CAN,
J2,PinHeader_1x04_P1.00mm_Vertical_SMD_Pin1Right,1,USART,
J401,PinHeader_2x05_P1.27mm_Vertical_SMD,1,SWD,
"R13, R14, R29",0402,3,330R,
"R19, R20",0603,2,60R,
R200,0402,1,47,C25118
R203,0402,1,10k,C25744
"R23, R24",0805,2,1k5,
"R400, R401, R402, R403, R406, R407",0402,6,22,C25092
R9,0603,1,10k,
SW1,SW_SPST_B3U-3000P-B,1,SW_SPST,
U1,to-252-2_dpak-2-leg,1,ld39150dt33-r,
U2,PQFN50P300X250X97-14N,1,ICM-42688-P,
U200,LQFP-64_10x10mm_P0.5mm,1,STM32F405RGT6,C15742
U4,SOIC-8_3.9x4.9mm_P1.27mm,1,AT24C256,C6482
U6,sot96-1_soic-8,1,TJA1051T/3,
Y200,Crystal_SMD_3225-4Pin_3.2x2.5mm,1,16MHz,C13738
